[
  {
    "id_product": 124,
    "product_name": "Keyboard",
    "price": 1600
  },
  {
    "id_product": 457,
    "product_name": "Gamepad",
    "price": 3000
  },
  {
    "id_product": 129,
    "product_name": "Notebook",
    "price": 160000
  },
  {
    "id_product": 458,
    "product_name": "Display",
    "price": 12000
  },
  {
    "id_product": 224,
    "product_name": "USB-Camera",
    "price": 2400
  },
  {
    "id_product": 228,
    "product_name": "Scaner",
    "price": 6000
  },
  {
    "id_product": 123,
    "product_name": "Ноутбук",
    "price": 45600
  },
  {
    "id_product": 456,
    "product_name": "Мышка",
    "price": 1000
  }
]